{
  "ActivitiesPage" : {
    "transaction" : "ActivitiesPage",
    "sampleCount" : 28,
    "errorCount" : 13,
    "errorPct" : 46.42857,
    "meanResTime" : 6481.321428571428,
    "medianResTime" : 5779.5,
    "minResTime" : 931.0,
    "maxResTime" : 13421.0,
    "pct1ResTime" : 11047.6,
    "pct2ResTime" : 12618.649999999994,
    "pct3ResTime" : 13421.0,
    "throughput" : 0.18590816136828406,
    "receivedKBytesPerSec" : 14.294050067391709,
    "sentKBytesPerSec" : 0.046561331849387835
  },
  "ContactMepage-1" : {
    "transaction" : "ContactMepage-1",
    "sampleCount" : 13,
    "errorCount" : 1,
    "errorPct" : 7.6923075,
    "meanResTime" : 1355.5384615384617,
    "medianResTime" : 1324.0,
    "minResTime" : 227.0,
    "maxResTime" : 2839.0,
    "pct1ResTime" : 2831.4,
    "pct2ResTime" : 2839.0,
    "pct3ResTime" : 2839.0,
    "throughput" : 0.08681367114981368,
    "receivedKBytesPerSec" : 5.410418151820416,
    "sentKBytesPerSec" : 0.01306900518210837
  },
  "ContactMepage-0" : {
    "transaction" : "ContactMepage-0",
    "sampleCount" : 13,
    "errorCount" : 0,
    "errorPct" : 0.0,
    "meanResTime" : 538.6923076923076,
    "medianResTime" : 478.0,
    "minResTime" : 279.0,
    "maxResTime" : 1254.0,
    "pct1ResTime" : 1114.3999999999999,
    "pct2ResTime" : 1254.0,
    "pct3ResTime" : 1254.0,
    "throughput" : 0.08630762693860208,
    "receivedKBytesPerSec" : 0.06430929624429042,
    "sentKBytesPerSec" : 0.014075560252682176
  },
  "HomePage-0" : {
    "transaction" : "HomePage-0",
    "sampleCount" : 102,
    "errorCount" : 0,
    "errorPct" : 0.0,
    "meanResTime" : 707.6078431372551,
    "medianResTime" : 512.0,
    "minResTime" : 321.0,
    "maxResTime" : 1961.0,
    "pct1ResTime" : 1686.2,
    "pct2ResTime" : 1785.25,
    "pct3ResTime" : 1960.73,
    "throughput" : 0.7906854157299887,
    "receivedKBytesPerSec" : 0.5721659111874234,
    "sentKBytesPerSec" : 0.11196229031332847
  },
  "HomePage-1" : {
    "transaction" : "HomePage-1",
    "sampleCount" : 102,
    "errorCount" : 33,
    "errorPct" : 32.35294,
    "meanResTime" : 11518.656862745098,
    "medianResTime" : 9224.5,
    "minResTime" : 671.0,
    "maxResTime" : 31340.0,
    "pct1ResTime" : 25725.4,
    "pct2ResTime" : 26283.6,
    "pct3ResTime" : 31207.519999999997,
    "throughput" : 0.7613360701623437,
    "receivedKBytesPerSec" : 41.73306587049823,
    "sentKBytesPerSec" : 0.07292784334763949
  },
  "ActivitiesPage-0" : {
    "transaction" : "ActivitiesPage-0",
    "sampleCount" : 28,
    "errorCount" : 0,
    "errorPct" : 0.0,
    "meanResTime" : 590.7499999999999,
    "medianResTime" : 474.0,
    "minResTime" : 276.0,
    "maxResTime" : 1255.0,
    "pct1ResTime" : 1117.3000000000002,
    "pct2ResTime" : 1214.4999999999998,
    "pct3ResTime" : 1255.0,
    "throughput" : 0.19075908490141844,
    "receivedKBytesPerSec" : 0.1421378728318186,
    "sentKBytesPerSec" : 0.031110124197789916
  },
  "EducationPage-0" : {
    "transaction" : "EducationPage-0",
    "sampleCount" : 63,
    "errorCount" : 0,
    "errorPct" : 0.0,
    "meanResTime" : 573.3809523809526,
    "medianResTime" : 490.0,
    "minResTime" : 285.0,
    "maxResTime" : 1415.0,
    "pct1ResTime" : 810.4,
    "pct2ResTime" : 1206.1999999999994,
    "pct3ResTime" : 1415.0,
    "throughput" : 0.4714863044454423,
    "receivedKBytesPerSec" : 0.3508521132689717,
    "sentKBytesPerSec" : 0.07643235013471036
  },
  "ResearchPage" : {
    "transaction" : "ResearchPage",
    "sampleCount" : 31,
    "errorCount" : 3,
    "errorPct" : 9.67742,
    "meanResTime" : 5997.354838709678,
    "medianResTime" : 5615.0,
    "minResTime" : 459.0,
    "maxResTime" : 17170.0,
    "pct1ResTime" : 11185.2,
    "pct2ResTime" : 15042.399999999994,
    "pct3ResTime" : 17170.0,
    "throughput" : 0.210730964536018,
    "receivedKBytesPerSec" : 18.4365629163636,
    "sentKBytesPerSec" : 0.06352996883221057
  },
  "OthersPage" : {
    "transaction" : "OthersPage",
    "sampleCount" : 15,
    "errorCount" : 2,
    "errorPct" : 13.333333,
    "meanResTime" : 2750.8666666666672,
    "medianResTime" : 2945.0,
    "minResTime" : 687.0,
    "maxResTime" : 4844.0,
    "pct1ResTime" : 4741.4,
    "pct2ResTime" : 4844.0,
    "pct3ResTime" : 4844.0,
    "throughput" : 0.09930881067768332,
    "receivedKBytesPerSec" : 6.932537300803077,
    "sentKBytesPerSec" : 0.029508164839384548
  },
  "EducationPage-1" : {
    "transaction" : "EducationPage-1",
    "sampleCount" : 63,
    "errorCount" : 20,
    "errorPct" : 31.74603,
    "meanResTime" : 7333.301587301588,
    "medianResTime" : 6622.0,
    "minResTime" : 128.0,
    "maxResTime" : 17869.0,
    "pct1ResTime" : 13434.2,
    "pct2ResTime" : 14299.0,
    "pct3ResTime" : 17869.0,
    "throughput" : 0.4523457357439292,
    "receivedKBytesPerSec" : 25.708091603601535,
    "sentKBytesPerSec" : 0.050050283075089394
  },
  "OthersPage-1" : {
    "transaction" : "OthersPage-1",
    "sampleCount" : 15,
    "errorCount" : 2,
    "errorPct" : 13.333333,
    "meanResTime" : 2271.4,
    "medianResTime" : 2474.0,
    "minResTime" : 406.0,
    "maxResTime" : 4362.0,
    "pct1ResTime" : 4279.8,
    "pct2ResTime" : 4362.0,
    "pct3ResTime" : 4362.0,
    "throughput" : 0.09949720744504438,
    "receivedKBytesPerSec" : 6.871940460871064,
    "sentKBytesPerSec" : 0.013726209803128192
  },
  "EducationPage" : {
    "transaction" : "EducationPage",
    "sampleCount" : 63,
    "errorCount" : 20,
    "errorPct" : 31.74603,
    "meanResTime" : 7906.9682539682535,
    "medianResTime" : 7168.0,
    "minResTime" : 769.0,
    "maxResTime" : 18361.0,
    "pct1ResTime" : 14045.2,
    "pct2ResTime" : 14949.0,
    "pct3ResTime" : 18361.0,
    "throughput" : 0.4514187446259673,
    "receivedKBytesPerSec" : 25.99132709497707,
    "sentKBytesPerSec" : 0.12312692569504155
  },
  "OthersPage-0" : {
    "transaction" : "OthersPage-0",
    "sampleCount" : 15,
    "errorCount" : 0,
    "errorPct" : 0.0,
    "meanResTime" : 479.3333333333333,
    "medianResTime" : 455.0,
    "minResTime" : 281.0,
    "maxResTime" : 1062.0,
    "pct1ResTime" : 822.6000000000001,
    "pct2ResTime" : 1062.0,
    "pct3ResTime" : 1062.0,
    "throughput" : 0.10005069235079107,
    "receivedKBytesPerSec" : 0.07415866747485392,
    "sentKBytesPerSec" : 0.01592603794255756
  },
  "HomePage" : {
    "transaction" : "HomePage",
    "sampleCount" : 101,
    "errorCount" : 33,
    "errorPct" : 32.673267,
    "meanResTime" : 12337.554455445541,
    "medianResTime" : 10143.0,
    "minResTime" : 1021.0,
    "maxResTime" : 31862.0,
    "pct1ResTime" : 26686.4,
    "pct2ResTime" : 27018.8,
    "pct3ResTime" : 31769.980000000018,
    "throughput" : 0.811564390804413,
    "receivedKBytesPerSec" : 44.88245970050462,
    "sentKBytesPerSec" : 0.19228984951908784
  },
  "ResearchPage-0" : {
    "transaction" : "ResearchPage-0",
    "sampleCount" : 30,
    "errorCount" : 0,
    "errorPct" : 0.0,
    "meanResTime" : 544.7666666666668,
    "medianResTime" : 482.5,
    "minResTime" : 283.0,
    "maxResTime" : 1074.0,
    "pct1ResTime" : 831.7000000000002,
    "pct2ResTime" : 1066.85,
    "pct3ResTime" : 1074.0,
    "throughput" : 0.21034180543382996,
    "receivedKBytesPerSec" : 0.15631847063978965,
    "sentKBytesPerSec" : 0.03389296669588081
  },
  "ResearchPage-1" : {
    "transaction" : "ResearchPage-1",
    "sampleCount" : 30,
    "errorCount" : 2,
    "errorPct" : 6.6666665,
    "meanResTime" : 5636.966666666667,
    "medianResTime" : 5213.0,
    "minResTime" : 322.0,
    "maxResTime" : 16683.0,
    "pct1ResTime" : 10709.200000000003,
    "pct2ResTime" : 14740.949999999997,
    "pct3ResTime" : 16683.0,
    "throughput" : 0.20432626818503788,
    "receivedKBytesPerSec" : 18.30325045845706,
    "sentKBytesPerSec" : 0.030728755176265457
  },
  "Total" : {
    "transaction" : "Total",
    "sampleCount" : 861,
    "errorCount" : 153,
    "errorPct" : 17.770035,
    "meanResTime" : 5580.9001161440165,
    "medianResTime" : 3350.0,
    "minResTime" : 128.0,